{
  "id": "cpp",
  "name": "C++",
  "schema": {
    "cpp.gen": {
      "text": "C++ Code Generation",
      "type": "section"
    },
    "cpp.gen.useTab": {
      "text": "Use Tab",
      "description": "Use Tab for indentation instead of spaces.",
      "type": "check",
      "default": false
    },
    "cpp.gen.indentSpaces": {
      "text": "Indent Spaces",
      "description": "Number of spaces for indentation.",
      "type": "number",
      "default": 4
    },
    "cpp.gen.includeHeader": {
      "text": "Include default header",
      "description": "Include default header.",
      "type": "check",
      "default": true
    },
    "cpp.gen.useVector": {
      "text": "Use vector instead of *",
      "description": "Use vector<> instead of pointer.",
      "type": "check",
      "default": true
    },
    "cpp.gen.genCpp": {
      "text": "Generate *.cpp file",
      "description": "Generate cpp file",
      "type": "check",
      "default": true
    },
    "cpp.rev": {
      "text": "C++ Reverse Engineering",
      "type": "section"
    },
    "cpp.rev.association": {
      "text": "Use Association",
      "description": "Reverse C++ Fields as UML Associations.",
      "type": "check",
      "default": true
    },
    "cpp.rev.publicOnly": {
      "text": "Public Only",
      "description": "Reverse public members only.",
      "type": "check",
      "default": false
    },
    "cpp.rev.typeHierarchy": {
      "text": "Type Hierarchy Diagram",
      "description": "Create a type hierarchy diagram for all classes and interfaces",
      "type": "check",
      "default": true
    },
    "cpp.rev.packageOverview": {
      "text": "Package Overview Diagram",
      "description": "Create overview diagram for each package",
      "type": "check",
      "default": true
    },
    "cpp.rev.packageStructure": {
      "text": "Package Structure Diagram",
      "description": "Create a package structure diagram for all packages",
      "type": "check",
      "default": true
    }
  }
}
