{
  "id": "csharp",
  "name": "C#",
  "schema": {
    "csharp.gen": {
      "text": "C# Code Generation",
      "type": "section"
    },
    "csharp.gen.csharpDoc": {
      "text": "C# Doc",
      "description": "Generate C# Doc comments.",
      "type": "check",
      "default": true
    },
    "csharp.gen.useTab": {
      "text": "Use Tab",
      "description": "Use Tab for indentation instead of spaces.",
      "type": "check",
      "default": false
    },
    "csharp.gen.indentSpaces": {
      "text": "Indent Spaces",
      "description": "Number of spaces for indentation.",
      "type": "number",
      "default": 4
    },
    "csharp.gen.propertiesByDefault": {
      "text": "Properties instead of fields",
      "description": "Generate properties instead of fields if not explictly specified.",
      "type": "check",
      "default": false
    },
    "csharp.rev": {
      "text": "C# Reverse Engineering",
      "type": "section"
    },
    "csharp.rev.association": {
      "text": "Use Association",
      "description": "Reverse C# Fields as UML Associations.",
      "type": "check",
      "default": true
    },
    "csharp.rev.publicOnly": {
      "text": "Public Only",
      "description": "Reverse public members only.",
      "type": "check",
      "default": false
    },
    "csharp.rev.typeHierarchy": {
      "text": "Type Hierarchy Diagram",
      "description": "Create a type hierarchy diagram for all classes and interfaces",
      "type": "check",
      "default": true
    },
    "csharp.rev.packageOverview": {
      "text": "Package Overview Diagram",
      "description": "Create overview diagram for each package",
      "type": "check",
      "default": true
    },
    "csharp.rev.packageStructure": {
      "text": "Package Structure Diagram",
      "description": "Create a package structure diagram for all packages",
      "type": "check",
      "default": true
    }
  }
}
